tool_slug,tool_name,category,vendor,pricing_start,pricing_enterprise,key_features,g2_rating,best_for,learning_curve,strengths,weaknesses
excel,Microsoft Excel,Spreadsheet,Microsoft,Free - $20/mo,$35/mo/user,"Formulas, Pivot Tables, VBA, Power Query, Data analysis","4.6/5","Small businesses, Individual users, Financial modeling",Low,"Universal, Flexible, Affordable, No internet required","Manual updates, Error-prone, Limited collaboration, Scalability issues"
google-sheets,Google Sheets,Spreadsheet,Google,Free,$18/mo/user,"Real-time collaboration, Cloud-based, Add-ons, Scripting","4.7/5","Teams needing collaboration, Startups, Remote teams",Low,"Free, Real-time collaboration, Cloud-based, Version history","Performance limits, Fewer functions than Excel, Formula compatibility issues"
adaptive-insights,Adaptive Insights,EPM Platform,Workday,$50K+/year,Custom,"Planning, Forecasting, Modeling, Dashboards, Consolidation","4.3/5","Mid-market to enterprise, Multi-entity companies, FP&A teams",High,"Powerful modeling, Multi-dimensional, Scalable, Integration capabilities","Expensive, Complex setup, Steep learning curve, Implementation time"
anaplan,Anaplan,EPM Platform,Anaplan,$50K+/year,Custom,"Connected planning, Modeling, Scenario analysis, Real-time collaboration","4.5/5","Enterprise companies, Complex modeling needs, Large FP&A teams",High,"Extremely flexible, Powerful, Scalable, Connected planning","Very expensive, Complex, Long implementation, Requires training"
tableau,Tableau,BI & Visualization,Salesforce,$15/mo,$70/mo/user,"Data visualization, Interactive dashboards, Data blending, Analytics","4.4/5","Data visualization, Executive reporting, Analytics teams",Medium,"Beautiful visualizations, User-friendly, Robust, Strong community","Not a planning tool, Expensive, Performance issues with large data"
power-bi,Power BI,BI & Visualization,Microsoft,Free - $10/mo,$20/mo/user,"Data visualization, DAX, Power Query, Integration with Microsoft","4.4/5","Microsoft ecosystem, Cost-conscious teams, Data visualization",Medium,"Affordable, Microsoft integration, Frequent updates, Strong features","Microsoft-centric, Learning curve for DAX, Desktop required for dev"
quickbooks,QuickBooks,Accounting,Intuit,$30/mo,$200/mo,"Accounting, Invoicing, Payroll, Reporting, Bank sync","4.3/5","Small businesses, Sole proprietors, Simple accounting needs",Low,"Affordable, Easy to use, Popular, Good integrations","Limited FP&A features, Not scalable, Reporting limitations, US-focused"
netsuite,NetSuite,ERP,Oracle,$999/mo,Custom,"ERP, Financials, CRM, E-commerce, SuiteAnalytics","4.0/5","Growing businesses, Multi-subsidiary, E-commerce companies",High,"Comprehensive, Cloud-based, Scalable, Integrated","Expensive, Complex, Customization costs, Challenging implementation"
xero,Xero,Accounting,Xero,$13/mo,$70/mo,"Accounting, Invoicing, Inventory, Payroll, Reporting","4.3/5","Small to medium businesses, International companies, Cloud-first teams",Low,"User-friendly, Affordable, Good integrations, Multi-currency","Limited scalability, US payroll addon, Fewer features than QBO"
planful,Planful,EPM Platform,Planful,$40K+/year,Custom,"Planning, Budgeting, Forecasting, Reporting, Consolidation","4.3/5","Mid-market companies, Finance teams, Multi-entity businesses",Medium,"Strong financials, Good support, Structured planning, Office integration","Less flexible than Anaplan, Implementation time, Learning curve"
vena,Vena Solutions,EPM Platform,Vena,$30K+/year,Custom,"Excel-based planning, Workflow automation, Reporting, Consolidation","4.5/5","Excel power users, Mid-market FP&A, Companies wanting familiar interface",Low-Medium,"Excel-based, Familiar interface, Flexible, Good support","Excel dependency, Less modern UX, Scalability concerns"
prophix,Prophix,EPM Platform,Prophix,$25K+/year,Custom,"Budgeting, Planning, Reporting, Consolidation, Analytics","4.1/5","Mid-market companies, Manufacturing, Distribution companies",Medium,"Affordable for EPM, Flexible, Good reporting, Multi-dimensional","Older interface, Implementation challenges, Less intuitive"
datarails,Datarails,FP&A Software,Datarails,$20K+/year,Custom,"Excel-based, FP&A automation, Consolidation, Reporting, Variance analysis","4.6/5","Excel-dependent teams, Mid-market FP&A, Companies wanting automation",Low,"Excel-based, Easy adoption, Modern, Automation features","Newer platform, Excel dependency, Limited track record"
jirav,Jirav,FP&A Software,Jirav,$500/mo,$2K+/mo,"Forecasting, Budgeting, Reporting, Dashboards, Headcount planning","4.7/5","SMBs, Startups, Companies under $50M revenue, Remote teams",Low,"Affordable, User-friendly, Modern, Quick implementation","Limited for complex needs, Fewer integrations, Scalability questions"
cube,Cube,FP&A Software,Cube,$1K/mo,Custom,"Excel-based, FP&A platform, Scenario planning, Reporting, Collaboration","4.7/5","Growing companies, Excel users, Modern FP&A teams",Low-Medium,"Excel-based, Modern UX, Flexible, Good for growth stage","Newer platform, Less enterprise features, Integration limitations"
pigment,Pigment,Business Planning,Pigment,$30K+/year,Custom,"Business planning, Scenario modeling, Headcount, Revenue planning","4.7/5","Growth companies, Modern FP&A teams, SaaS companies",Medium,"Modern, Flexible, Beautiful UX, Powerful modeling","European-based, Newer platform, Learning curve, Pricing"
boards,Boards,Business Planning,AppsFlyer,$20K+/year,Custom,"Planning, Modeling, Collaboration, Scenario analysis, Dashboards","4.5/5","Mid-market, Modern teams, Collaborative planning",Medium,"User-friendly, Collaborative, Modern, Fast implementation","Smaller vendor, Fewer integrations, Less enterprise features"
looker,Looker,BI Platform,Google,$3K/mo,Custom,"Business intelligence, Data modeling, Visualization, LookML","4.5/5","Data teams, Technical users, Google Cloud customers",High,"Powerful, Git-based, Reusable models, Google integration","Technical, Expensive, Requires data modeling skills, Complex setup"
domo,Domo,BI Platform,Domo,$1K+/mo,Custom,"Business intelligence, Data integration, Dashboards, Collaboration","4.4/5","Executive teams, Department-wide BI, Data democratization",Medium,"All-in-one, Good connectors, Social features, Mobile app","Expensive, Learning curve, Performance issues, Complex pricing"
sisense,Sisense,BI Platform,Sisense,$1K+/mo,Custom,"Embedded analytics, Dashboards, Data integration, AI insights","4.3/5","Large datasets, Embedded analytics, Product teams",Medium,"Powerful, Good performance, Embedding capabilities, AI features","Complex, Expensive, Learning curve, Less user-friendly than Tableau"